{"cameraMode":{"drawMode":0,"name":"Shaded","section":"Shading Mode"},"sceneLighting":true,"audioPlay":false,"sceneViewState":{"showFog":true,"showMaterialUpdate":false,"showSkybox":true,"showFlares":true,"showImageEffects":true,"showParticleSystems":true,"showVisualEffectGraphs":true,"m_FxEnabled":true},"in2DMode":false,"pivot":{"x":-105.88762664794922,"y":8.107198715209961,"z":17.82729721069336},"rotation":{"x":0.014850788749754429,"y":-0.9649040102958679,"z":0.2561684548854828,"w":0.055937424302101138},"size":7.902628421783447,"orthographic":false}