{"cameraMode":{"drawMode":0,"name":"Shaded","section":"Shading Mode"},"sceneLighting":true,"audioPlay":false,"sceneViewState":{"showFog":true,"showMaterialUpdate":false,"showSkybox":true,"showFlares":true,"showImageEffects":true,"showParticleSystems":true,"showVisualEffectGraphs":true,"m_FxEnabled":true},"in2DMode":false,"pivot":{"x":7.369431972503662,"y":-1.8452463150024415,"z":11.19520092010498},"rotation":{"x":-0.27713239192962649,"y":0.00345618580467999,"z":-0.0009970827959477902,"w":-0.9608273506164551},"size":14.519916534423829,"orthographic":false}