{
    "name": "root",
    "gauges": {
        "Monster.Policy.Entropy.mean": {
            "value": 1.373857855796814,
            "min": 1.373857855796814,
            "max": 2.1598708629608154,
            "count": 5
        },
        "Monster.Policy.Entropy.sum": {
            "value": 68692.890625,
            "min": 68692.890625,
            "max": 107993.546875,
            "count": 5
        },
        "Monster.Policy.ExtrinsicValueEstimate.mean": {
            "value": 36.627349853515625,
            "min": -0.2194414734840393,
            "max": 36.627349853515625,
            "count": 5
        },
        "Monster.Policy.ExtrinsicValueEstimate.sum": {
            "value": 29301.87890625,
            "min": -175.333740234375,
            "max": 29301.87890625,
            "count": 5
        },
        "Monster.Environment.EpisodeLength.mean": {
            "value": 999.0,
            "min": 999.0,
            "max": 999.0,
            "count": 5
        },
        "Monster.Environment.EpisodeLength.sum": {
            "value": 49950.0,
            "min": 49950.0,
            "max": 49950.0,
            "count": 5
        },
        "Monster.Environment.CumulativeReward.mean": {
            "value": 849.12,
            "min": -6.224489795918367,
            "max": 849.12,
            "count": 5
        },
        "Monster.Environment.CumulativeReward.sum": {
            "value": 42456.0,
            "min": -305.0,
            "max": 42456.0,
            "count": 5
        },
        "Monster.Policy.ExtrinsicReward.mean": {
            "value": 849.12,
            "min": -6.224489795918367,
            "max": 849.12,
            "count": 5
        },
        "Monster.Policy.ExtrinsicReward.sum": {
            "value": 42456.0,
            "min": -305.0,
            "max": 42456.0,
            "count": 5
        },
        "Monster.Losses.PolicyLoss.mean": {
            "value": 0.024102657235537967,
            "min": 0.02127539167723929,
            "max": 0.025476101633006086,
            "count": 5
        },
        "Monster.Losses.PolicyLoss.sum": {
            "value": 0.12051328617768983,
            "min": 0.10119991058018059,
            "max": 0.12738050816503044,
            "count": 5
        },
        "Monster.Losses.ValueLoss.mean": {
            "value": 39.523305384318036,
            "min": 0.06615113130460183,
            "max": 39.523305384318036,
            "count": 5
        },
        "Monster.Losses.ValueLoss.sum": {
            "value": 197.61652692159018,
            "min": 0.33075565652300914,
            "max": 197.61652692159018,
            "count": 5
        },
        "Monster.Policy.LearningRate.mean": {
            "value": 0.0001644912451696,
            "min": 0.0001644912451696,
            "max": 0.0002846100051299999,
            "count": 5
        },
        "Monster.Policy.LearningRate.sum": {
            "value": 0.000822456225848,
            "min": 0.000822456225848,
            "max": 0.0012844560718479998,
            "count": 5
        },
        "Monster.Policy.Epsilon.mean": {
            "value": 0.1548304,
            "min": 0.1548304,
            "max": 0.19487000000000002,
            "count": 5
        },
        "Monster.Policy.Epsilon.sum": {
            "value": 0.7741520000000001,
            "min": 0.7741520000000001,
            "max": 0.9281520000000003,
            "count": 5
        },
        "Monster.Policy.Beta.mean": {
            "value": 0.0027460369600000004,
            "min": 0.0027460369600000004,
            "max": 0.004744012999999999,
            "count": 5
        },
        "Monster.Policy.Beta.sum": {
            "value": 0.013730184800000001,
            "min": 0.013730184800000001,
            "max": 0.0214147848,
            "count": 5
        },
        "Monster.IsTraining.mean": {
            "value": 1.0,
            "min": 1.0,
            "max": 1.0,
            "count": 5
        },
        "Monster.IsTraining.sum": {
            "value": 1.0,
            "min": 1.0,
            "max": 1.0,
            "count": 5
        }
    },
    "metadata": {
        "timer_format_version": "0.1.0",
        "start_time_seconds": "1616585190",
        "python_version": "3.9.2 (tags/v3.9.2:1a79785, Feb 19 2021, 13:44:55) [MSC v.1928 64 bit (AMD64)]",
        "command_line_arguments": "E:\\Python392\\Scripts\\mlagents-learn config/monster_config.yaml --run-id=Monster001",
        "mlagents_version": "0.25.0",
        "mlagents_envs_version": "0.25.0",
        "communication_protocol_version": "1.5.0",
        "pytorch_version": "1.8.0+cpu",
        "numpy_version": "1.20.1",
        "end_time_seconds": "1616588070"
    },
    "total": 2879.8299144,
    "count": 1,
    "self": 0.006753199999366188,
    "children": {
        "run_training.setup": {
            "total": 0.0844242999999999,
            "count": 1,
            "self": 0.0844242999999999
        },
        "TrainerController.start_learning": {
            "total": 2879.7387369000003,
            "count": 1,
            "self": 6.034885999983544,
            "children": {
                "TrainerController._reset_env": {
                    "total": 6.0757461,
                    "count": 1,
                    "self": 6.0757461
                },
                "TrainerController.advance": {
                    "total": 2867.5272951000165,
                    "count": 256021,
                    "self": 3.0155073000501034,
                    "children": {
                        "env_step": {
                            "total": 2864.5117877999664,
                            "count": 256021,
                            "self": 2536.8364027000753,
                            "children": {
                                "SubprocessEnvManager._take_step": {
                                    "total": 324.476033599958,
                                    "count": 256021,
                                    "self": 12.09591909984681,
                                    "children": {
                                        "TorchPolicy.evaluate": {
                                            "total": 312.3801145001112,
                                            "count": 256021,
                                            "self": 63.6400275000629,
                                            "children": {
                                                "TorchPolicy.sample_actions": {
                                                    "total": 248.74008700004828,
                                                    "count": 256021,
                                                    "self": 248.74008700004828
                                                }
                                            }
                                        }
                                    }
                                },
                                "workers": {
                                    "total": 3.199351499933049,
                                    "count": 256020,
                                    "self": 0.0,
                                    "children": {
                                        "worker_root": {
                                            "total": 2866.712118499998,
                                            "count": 256020,
                                            "is_parallel": true,
                                            "self": 569.7448421000499,
                                            "children": {
                                                "steps_from_proto": {
                                                    "total": 0.00045740000000016323,
                                                    "count": 1,