{"cameraMode":{"drawMode":0,"name":"Shaded","section":"Shading Mode"},"sceneLighting":true,"audioPlay":false,"sceneViewState":{"showFog":true,"showMaterialUpdate":false,"showSkybox":true,"showFlares":true,"showImageEffects":true,"showParticleSystems":true,"showVisualEffectGraphs":true,"m_FxEnabled":false},"in2DMode":false,"pivot":{"x":-16.529775619506837,"y":-131.52212524414063,"z":-95.37620544433594},"rotation":{"x":0.002024951158091426,"y":0.9067330360412598,"z":-0.4216887950897217,"w":0.004352413583546877},"size":99.26931762695313,"orthographic":false}